-- CREATE DATABASE
-- =========================
CREATE DATABASE football;


-- TABLE CREATION
-- =========================

-- USERS TABLE
-- =========================
CREATE TABLE Users (
    user_id SERIAL PRIMARY KEY,
    full_name VARCHAR(100) NOT NULL,
    email VARCHAR(100) UNIQUE NOT NULL,
    role VARCHAR(20) NOT NULL CHECK (role IN ('Ticket Manager', 'Football Fan')),
    phone_number VARCHAR(20)
);

-- MATCHES TABLE
-- =========================
CREATE TABLE Matches (
    match_id SERIAL PRIMARY KEY,
    fixture VARCHAR(150) NOT NULL,
    tournament_category VARCHAR(100) NOT NULL,
    base_ticket_price DECIMAL(10,2) NOT NULL CHECK (base_ticket_price >= 0),
    match_status VARCHAR(20) NOT NULL CHECK (match_status IN ('Available', 'Selling Fast', 'Sold Out', 'Postponed'))
);

-- BOOKINGS TABLE
-- =========================
CREATE TABLE Bookings (
    booking_id SERIAL PRIMARY KEY,
    user_id INT NOT NULL REFERENCES Users(user_id),
    match_id INT NOT NULL REFERENCES Matches(match_id),
    seat_number VARCHAR(10),
    payment_status VARCHAR(20) CHECK (payment_status IN ('Pending', 'Confirmed', 'Cancelled', 'Refunded')),
    total_cost DECIMAL(10,2) NOT NULL CHECK (total_cost >= 0)
);


-- DATA SEEDING
-- =========================

-- INSERT SAMPLE DATA INTO USERS
-- =========================================================================
INSERT INTO Users (user_id, full_name, email, role, phone_number) VALUES
(1, 'Tanvir Rahman', 'tanvir@mail.com', 'Football Fan', '+8801711111111'),
(2, 'Asif Haque', 'asif@mail.com', 'Football Fan', '+8801722222222'),
(3, 'Sajjad Rahman', 'sajjad@mail.com', 'Ticket Manager', '+8801733333333'),
(4, 'Jannat Ara', 'jannat@mail.com', 'Football Fan', NULL);

-- INSERT SAMPLE DATA INTO MATCHES
-- =========================================================================
INSERT INTO Matches (match_id, fixture, tournament_category, base_ticket_price, match_status) VALUES
(101, 'Real Madrid vs Barcelona', 'Champions League', 150.00, 'Available'),
(102, 'Man City vs Liverpool', 'Premier League', 120.00, 'Selling Fast'),
(103, 'Bayern Munich vs PSG', 'Champions League', 130.00, 'Available'),
(104, 'AC Milan vs Inter Milan', 'Serie A', 90.00, 'Sold Out'),
(105, 'Juventus vs Roma', 'Serie A', 80.00, 'Available');

-- INSERT SAMPLE DATA INTO BOOKINGS
-- =========================================================================
INSERT INTO Bookings (booking_id, user_id, match_id, seat_number, payment_status, total_cost) VALUES
(501, 1, 101, 'A-12', 'Confirmed', 150.00),
(502, 1, 102, 'B-04', 'Confirmed', 120.00),
(503, 2, 101, 'A-13', 'Confirmed', 150.00),
(504, 2, 101, NULL, NULL, 150.00),
(505, 3, 102, 'C-20', 'Pending', 120.00);


-- CHECK DATA IN TABLE
-- =========================
SELECT * FROM Users;
SELECT * FROM Matches;
SELECT * FROM Bookings;


-- 7 SQL QUERIES
-- =========================

-- Query 1:
SELECT match_id, fixture, ROUND(base_ticket_price) FROM matches
WHERE tournament_category = 'Champions League' AND match_status = 'Available';

-- Query 2:
SELECT user_id, full_name, email FROM users
WHERE full_name ILIKE 'Tanvir%' OR full_name ILIKE '%Haque%';

-- Query 3:
SELECT booking_id, user_id, match_id, COALESCE(payment_status, 'Action Required') AS systematic_status FROM bookings
WHERE payment_status IS NULL;

-- Query 4:
SELECT booking_id, full_name, fixture, ROUND(total_cost) FROM bookings
INNER JOIN users USING (user_id)
INNER JOIN matches USING (match_id);

-- Query 5:
SELECT user_id, full_name, booking_id FROM users
LEFT JOIN bookings USING (user_id);

-- Query 6:
SELECT booking_id, match_id, ROUND(total_cost) AS total_cost FROM bookings
WHERE total_cost > (
  SELECT AVG(total_cost) FROM bookings
);
